model,average_batch_time_ms,median_batch_time_ms,average_inference_time_ms_per_sample,median_inference_time_ms_per_sample,model_size_bytes,model_size_kb,model_size_mb
Logistic Regression,3.138269999617478,2.739249997830484,0.0031382699996174777,0.002739249997830484,1921,1.8759765625,0.0018320083618164062
Random Forest,108.28398399957223,101.07810000044992,0.10828398399957223,0.10107810000044992,1089225,1063.6962890625,1.0387659072875977
Isolation Forest,86.13434400002006,68.66990000708029,0.08613434400002007,0.06866990000708029,1513568,1478.09375,1.443450927734375
