feature,Logistic Regression,Random Forest
voltage_v,0.10280648359108559,0.321819180719362
current_a,0.4062507808725214,0.1256425124081054
frequency_hz,0.004117624430508384,0.060777614884134676
temperature_c,0.061217284948799564,0.22953388799858654
dc_link_voltage_v,0.046727191367704916,0.04746469782096768
thd_percent,0.06420430729075395,0.14277421294378587
active_power_w,0.3146763274986261,0.07198789322505779
