feature,Logistic Regression,Random Forest
voltage_v,0.10280648361453734,0.321819180719362
current_a,0.40625078089587024,0.1256425124081054
frequency_hz,0.004117624413388675,0.060777614884134676
temperature_c,0.06121728492441995,0.22953388799858654
dc_link_voltage_v,0.04672719132767183,0.04746469782096768
thd_percent,0.06420430726353474,0.14277421294378587
active_power_w,0.3146763275605773,0.07198789322505779
