model,accuracy,precision_anomaly,recall_anomaly,f1_anomaly,roc_auc,false_negative_rate,false_positive_rate,inference_time_ms,model_size_kb
Logistic Regression,0.894,0.7175925925925926,0.775,0.7451923076923077,0.909,0.225,0.07625,0.0019942229997832327,1.8759765625
Random Forest,1.0,1.0,1.0,1.0,1.0,0.0,0.0,0.07643618000030983,1063.6962890625
Isolation Forest,0.975,0.9533678756476683,0.92,0.9363867684478372,0.99726875,0.08,0.01125,0.047734155999496576,1478.09375
